

------------------Git Commands:------------------

git status
git add routes.py 
git commit -m "About page"
git push origin master



------------------MySQL Commands------------------

to start mysql service:
/etc/init.d/mysql start

login to mysql:
mysql -u root -p

Creating a user:
GRANT ALL PRIVILEGES ON *.* TO 'flaskapp'@'localhost' IDENTIFIED BY 'learnflask';

Creating a database:
create database databasename;

showing databases:
show database;

delete database:
drop database databasename;

selecting database:
use databasename;

confirming database u in:
select database();

creating table:
	create table table_name(uid serial PRIMARY KEY,name varchar(20),age int, gender varchar(20), eyecolour varchar(20));


	temptable
	create table temptable(uid serial PRIMARY KEY,name varchar(20),age int, gender varchar(20), eyecolour varchar(20));

	flaskapp table
	create table users(uid serial PRIMARY KEY,firstname varchar(100) NOT NULL,lastname varchar(100) NOT NULL, email varchar(120) NOT NULL unique, pwdhash varchar(100) NOT NULL);

display table column properties:
desc table_name;

delete table:
drop table table_name;


show columns from users;


inserting into table:
insert into table_name(age,name) values(20,'abcd');


displaying table:
select * from table_name;


ERROR: ImportError: No module named 'pymysql'ImportError: No module named 'pymysql':

sudo apt-get install build-essential python-dev libapache2-mod-wsgi-py3 libmysqlclient-dev
pip install mysqlclient
pip install pymysql



 

------------------Postgres Commands------------------

installing on ubuntu
https://www.digitalocean.com/community/tutorials/how-to-install-and-use-postgresql-on-ubuntu-16-04

connect to postgres:
sudo -i -u postgres

to connect with user:
sudo -u postgres psql


create user:
createuser --interactive

{in database}
CREATE USER davide WITH PASSWORD 'jw8s0F4';

delete user:
dropuser flaskweb

create database:
createdb learningflask


connecting to db:  
psql -d learningflask

exiting database:
\q

Creating Table
	CREATE TABLE users(
	uid serial PRIMARY KEY,
	firstname VARCHAR(100) not null,
	lastname VARCHAR(100) not null,
	email VARCHAR(120) not null unique,
	);
	CREATE TABLE

	learningflask=# SELECT * from users;
 	uid | firstname | lastname | email | pwdhash 
	-----+-----------+----------+-------+---------
	(0 rows)

inserting into database
	learningflask=# INSERT INTO users (firstname, lastname, email, pwdhash) VALUES ('Lalith', 'Pilepeddi', 'lalith@example.com', 'learning-flask');
	INSERT 0 1
	learningflask=# SELECT * from users;
 	uid | firstname | lastname  |       email        |    pwdhash     
	-----+-----------+-----------+--------------------+----------------
   	1 | Lalith    | Pilepeddi | lalith@example.com | learning-flask
	(1 row)


